,Cut,Relative Efficiency,Relative Events,Single Cut Efficiency
0,No cuts,100.0,71041,100.0
1,low E cuts,20.241832181416367,14380,20.241832181416367
2,Fiducial Cuts,70.70236439499304,10167,67.8129530834307
3,One track cut,50.831120291138,5168,48.26790163426754
4,Blob overlap cuts,61.53250773993808,3180,54.91617516645317
5,Energy cuts,33.0188679245283,1050,13.638603060204671
