,Cut,Relative Efficiency,Relative Events,Single Cut Efficiency
0,No cuts,100.0,50011.0,100.0
1,Fiducial Cuts,68.82685809121993,34421.0,68.82685809121993
2,One track cut,68.53374393538829,23590.0,64.49181180140368
3,Blob overlap cuts,62.997032640949556,14861.0,53.40625062486253
4,Energy cuts,0.316264046833995,47.0,0.21595249045210052
5,pos_evt - all_evt,34.0,47.0,0.0
6,FOM_MAX - blob2_E_val (MeV),1.3420813081184473,0.1,0.0
